John,Staten,iazATzZqhf@gmail.com
Morris,Gomes,dISyXFCMMN@gmail.com
Patricia,Macaraeg,hhJVHujMnQ@gmail.com
Joseph,Maze,ydxnkSqvNa@gmail.com
Judi,Thomson,dgAukmYHvI@gmail.com
John,Cook,bxareIrHiT@gmail.com
Patricia,Tobar,uAqREsyYks@gmail.com
Ava,Garcia,JkAzZyFxWL@gmail.com
Nicole,Gunnels,LbJYRkvZrR@gmail.com
Kelly,Motil,jlCnTtmyDg@gmail.com
Cody,Taylor,ZNYUJsGFFh@gmail.com
Griselda,Lariviere,XyyyVNQkBt@gmail.com
Kirk,Wells,zuJgOSJegB@gmail.com
Lori,Cooper,CZJDmkdowx@gmail.com
Sharon,Hillier,HCtDplSZPK@gmail.com
Nicholas,Patten,jATXoENGQg@gmail.com
Jack,Arias,ZFMyNoEwCp@gmail.com
Deborah,Luongo,rtaXFFQAIE@gmail.com
Robert,Londner,xlAOtONHiP@gmail.com
Max,Johnson,otcyApWijn@gmail.com
Jerry,Eason,zfnDQtJfQK@gmail.com
Mary,Olson,VEIMqWGKcm@gmail.com
Jack,Richards,eiWXHVvqwn@gmail.com
Patrick,Green,EoWqCmDTTj@gmail.com
Laverne,Mcwilliams,xiXSwZjOgC@gmail.com
Thomas,Kiefer,bGszxEBxWS@gmail.com
Peter,Olsen,YewROFGSpK@gmail.com
Synthia,Middleton,sluPsGrppr@gmail.com
Richard,Webb,UUpPAOYRPw@gmail.com
Lydia,Day,PodCyvggOm@gmail.com
Charles,Hunt,UzLoWXJQJr@gmail.com
David,Mcdermott,pKlBsjdOyF@gmail.com
Sarah,Hanlon,ynMftdsNAa@gmail.com
Saul,Cook,coHzpEtGes@gmail.com
William,Pineda,qDPrsFvzaE@gmail.com
Maria,Sandiford,dPwKRrbdss@gmail.com
Susan,Collins,VbawwEGVVH@gmail.com
Bessie,Joyner,fiBbbcQKMk@gmail.com
Tony,Spiegel,EXbVWESDAA@gmail.com
Tyrone,Ramirez,VCsMmYKyut@gmail.com
Brian,Patterson,udNsGSpnSp@gmail.com
Anthony,Elman,cEhBldSuSr@gmail.com
Richard,Mcneal,YNeAsfxFFK@gmail.com
Sara,Race,TGftfxhgsf@gmail.com
Kimberly,Mahon,xomYqvNKSX@gmail.com
Louis,Zarrella,PhiNgZzKvV@gmail.com
Ronald,Fenn,XSDBbnSMnu@gmail.com
Samuel,Smith,MkfQEsMWVz@gmail.com
Kevin,Jo,qzuHNSWktr@gmail.com
Megan,Fecteau,BDORUsEURH@gmail.com
